oneWayMs,streams,workload,windowMs,mode,repeats,measuredRttMs,elapsedMs,eventsPerSecond,deliveryP50Ms,deliveryP95Ms,deliveryP99Ms,scheduledP99Ms,emitP99Ms,barrierP95Ms,terminalP95Ms,evalCalls,transmittedScriptBytes,sentBytes,receivedBytes,redisCommands,nodeCpuMs,redisCpuMs,heapDeltaBytes,peakHeapDeltaBytes,peakRssDeltaBytes,redisMemoryDeltaBytes,eventLoopP99Ms,peakActiveEmissions
0,1,burst,0,eval,3,0.038303000000269094,86.62160200000017,2955.3828847450723,0.23968200000035722,0.7341409999999087,0.879254000000401,84.41975900000034,0.9638520000007702,0.47886299999936455,0.1963500000001659,515,1305040,1584298,81744,6154,47.82,17.782000000000004,8389336,8073104,1310720,29720,10.305535,1
0,1,burst,0,warm-sha-diagnostic,3,0.04189500000029511,74.05123900000035,3457.0657217497574,0.1643979999998919,0.6945189999996728,0.8066170000001875,73.57004200000029,0.8273770000005243,0.414545999999973,0.14875500000016473,515,20600,300451,81744,6154,37.861,15.24900000000001,7095648,6140264,524288,15592,10.076159,1
0,1,burst,25,eval,3,0.29634299999997893,6.303271999999197,40613.827231322495,1.9474280000004,2.2713459999995393,2.30887999999959,5.9093379999994795,0.12069900000005873,1.5374149999997826,0.6907670000000508,13,19962,134544,79335,628,5.962,1.669999999999991,2633656,0,0,84784,0.000511,1
0,1,burst,25,warm-sha-diagnostic,3,0.46106800000052317,6.970298000000184,36727.26761466916,1.9505290000006426,2.375224999999773,2.4068869999991875,6.512448000000404,0.13790400000016234,1.9376389999997627,0.6639459999996689,13,520,115193,79335,628,5.829,1.565999999999998,2591456,0,0,227168,0.000511,1
0,1,paced,0,eval,3,0.45684399999981906,1261.3943470000004,50.73750342405806,1.0290169999998398,1.2902530000001207,1.4453570000000582,1.9022260000001552,1.5492559999997866,1.1942320000007385,1.0397479999996904,131,327760,397810,20404,1552,79.541,15.58,2544144,2463792,131072,-44696,11.730943,1
0,1,paced,0,warm-sha-diagnostic,3,0.3715780000002269,1261.2343130000004,50.74394134406965,1.0291550000001735,1.1956840000002558,1.6569159999999101,2.0294679999997243,1.567478999999821,1.567478999999821,0.6872530000000552,131,5240,75499,20404,1552,66.88,14.395999999999999,1981176,1916920,0,-23960,11.730943,1
0,1,paced,25,eval,3,0.35249000000021624,1262.4722979999997,50.694181647699025,7.933476999999584,27.310003000000506,27.67029900000034,28.401959999999235,1.6526000000003478,1.6526000000003478,0.7821330000006128,69,110066,159588,20128,838,267.841,9.936000000000002,-10148016,507416,0,7216,11.788287,1
0,1,paced,25,warm-sha-diagnostic,3,0.10875500000020111,1261.7061720000002,50.724963878515446,8.497690999999577,27.215551000000232,27.546817000000374,28.04898400000002,1.4885620000004565,1.4885620000004565,0.8445759999995062,69,2760,52429,20128,838,53.819,9.546,1516784,1451992,0,1032,11.689983,1
0,16,burst,0,eval,3,0.45170599999983096,272.1636689999996,15049.76771899708,1.1310499999999593,1.9048800000000483,2.255670000000464,267.5751889999992,1.811890000000858,1.3851460000005318,0.9971069999992324,8240,20880640,25431672,1319242,98488,262.131,142.51200000000003,1587448,5759584,11272192,846648,10.657791,16
0,16,burst,0,warm-sha-diagnostic,3,0.0911500000001979,357.7095640000007,11450.630377889454,1.1594920000006823,1.4442660000004253,1.6322280000003957,353.28052600000046,1.9462949999997363,2.053531000001385,1.2633669999995618,8240,329600,4886240,1319190,98449,255.866,102.439,2004320,5140936,3670016,834520,11.173887,16
0,16,burst,25,eval,3,0.41652499999872816,92.79739900000095,44139.16816784874,22.58797300000151,42.71929900000032,45.19218499999988,91.99581800000124,1.9508270000005723,17.070302000000083,4.870179000001372,208,319392,2169344,1280662,10072,323.571,18.249000000000013,9922392,22058160,24903680,833104,29.229055,16
0,16,burst,25,warm-sha-diagnostic,3,0.4494089999989228,66.9940600000009,61139.74880758003,18.417531999999483,23.13967699999921,25.389094000000114,61.735217000001285,1.551526000001104,13.374367999998867,4.348539999999048,208,8320,1859412,1280710,10081,88.818,16.660999999999966,-962296,18847952,8781824,832392,20.234239,16
0,16,paced,0,eval,3,0.4330819999995583,1266.7580020000005,808.3627641453807,1.1895239999994374,1.6469340000003285,2.8529490000000806,2.3111840000001393,2.944284000001062,1.9348170000012033,0.9814750000005006,2096,5244160,6375132,327302,24865,129.314,49.60900000000001,-22440104,11635360,2752512,159384,11.804671,16
0,16,paced,0,warm-sha-diagnostic,3,0.47769700000026205,1262.768578000001,810.9165985281581,1.3802860000014334,1.8679800000008981,3.24159999999938,3.151599000000715,3.363742999999886,2.200525000000198,1.1920589999990625,2096,83840,1213408,327238,24817,118.789,37.13300000000002,-27997544,20259592,3276800,150200,11.649023,16
0,16,paced,25,eval,3,0.07561100000020815,1265.0153680000003,809.4763319903002,8.450968999999532,28.18613799999912,28.45129999999881,28.506172999999762,1.839194000000134,2.2717140000004292,1.399437999998554,1104,1761056,2567206,324914,13414,96.605,27.669999999999995,20277928,19411736,0,156544,11.919359,16
0,16,paced,25,warm-sha-diagnostic,3,0.041707999998834566,1263.880196,810.20337468758,9.191967999999179,27.961640999999872,28.557189000001017,28.597156000001632,1.8901830000013433,2.2358340000009775,1.4246359999997367,1104,44160,850568,324886,13393,343.239,24.232999999999976,-51300160,2957736,131072,165528,11.894783,16
1,1,burst,0,eval,3,2.6747269999996206,755.9706009999991,338.63750741280523,2.9002849999997125,3.1241250000002765,3.4991099999988364,746.7437580000005,3.535922999999457,5.288613000000623,2.7355330000009417,515,1305040,1584298,81744,6157,111.621,32.61399999999999,8955232,8879976,1441792,29976,10.780671,1
1,1,burst,0,warm-sha-diagnostic,3,2.6986660000002303,748.0247049999998,342.23468595198347,2.857452000000194,3.098779999998442,3.25208499999826,738.5403399999996,3.284997000000658,5.665965000000142,2.905883999999787,515,20600,300451,81744,6157,105.707,29.131,7650176,7625400,786432,-19584,10.797055,1
1,1,burst,25,eval,3,2.740958000000319,19.445324000000255,13165.118770970164,4.561197000000902,7.1001909999995405,7.123139999999694,16.482067000000825,0.1917780000003404,6.7667220000003,3.153560999999172,13,19962,134544,79335,628,7.031,1.9970000000000059,2646584,2247968,131072,84584,0.000511,1
1,1,burst,25,warm-sha-diagnostic,3,2.5926089999993565,18.897954000000027,13546.440000859333,4.524900000000343,6.982417999999598,7.006310999999187,16.09343699999954,0.14562599999953818,6.620725000000675,3.0096010000015667,13,520,115193,79335,628,6.492,1.669999999999991,2604592,2211360,262144,227784,0.000511,1
1,1,paced,0,eval,3,2.7968519999999444,1266.5539170000002,50.53081368347305,3.3723869999998897,3.661388999999872,6.389015000000654,6.214426999999887,6.305444000000534,6.305444000000534,3.299457000000075,131,327760,397810,20404,1552,90.228,15.452999999999998,2682096,2623944,131072,-33432,10.878975,1
1,1,paced,0,warm-sha-diagnostic,3,2.812037000000146,1265.9805890000002,50.553697707603625,3.2733580000003712,3.5066710000000967,6.178205000000162,5.933640999999625,6.104080000000067,6.104080000000067,3.010266999999658,131,5240,75499,20404,1552,87.462,14.529,2133248,2084712,262144,10776,11.010047,1
1,1,paced,25,eval,3,2.7626900000004753,1268.8186230000001,50.440621567074835,9.501181999999972,28.691600000000108,29.2859040000003,29.367159000000356,5.1956639999998515,5.1956639999998515,2.8071740000004866,69,110066,159588,20128,838,59.967,9.688000000000002,1739048,1693368,0,29408,10.903551,1
1,1,paced,25,warm-sha-diagnostic,3,2.7056179999999586,1268.2113369999997,50.46477517808218,9.736071000000265,28.794699999999466,29.141797999999653,29.557565000000068,6.050975000000108,6.050975000000108,2.8984080000000176,69,2760,52429,20128,838,57.285,9.138000000000002,1604000,1539400,0,29584,10.952703,1
1,16,burst,0,eval,3,2.651304999999411,937.4984589999985,4369.073848258994,4.06725699999879,4.557725999999093,4.989652000000206,925.7410579999996,4.612778999999136,6.064446000000316,3.81890100000237,8240,20880640,25429878,1319218,98566,322.405,159.92100000000002,3648128,6538368,8126464,819080,10.928127,16
1,16,burst,0,warm-sha-diagnostic,3,2.698694999999134,989.3356469999999,4140.152042858717,3.549975000001723,3.879243999999744,4.401364999997895,977.4353759999976,4.658964000002015,6.453871000001527,3.4745089999996708,8240,329600,4886240,1319190,98545,299.002,110.32299999999998,1959848,6646384,4194304,820440,10.936319,16
1,16,burst,25,eval,3,2.6420519999992393,101.9487790000021,40177.03831450414,29.404084999998304,45.079860000001645,47.74490800000058,99.80009599999903,2.1547519999985525,27.39804699999877,8.247600999999122,208,319392,2168146,1280646,10084,330.465,18.11499999999999,8183040,27039432,28966912,867520,26.148863,16
1,16,burst,25,warm-sha-diagnostic,3,2.715048999998544,76.32580199999938,53664.683405488926,21.52320999999938,27.220400000001973,28.71115700000155,73.00034400000004,1.589151000000129,20.17572199999995,5.667332000000897,208,8320,1858068,1280646,10083,93.335,17.311999999999966,-1713048,11069776,8650752,849784,22.085631,16
1,16,paced,0,eval,3,2.679231999998592,1267.212211,808.0730213228667,3.6288540000005014,4.2596619999985705,6.537098999999216,6.041850000001432,6.422029999999722,6.800853999999163,3.1704809999991994,2096,5244160,6373056,327238,24879,133.916,49.395000000000024,-22128640,8523472,1966080,189824,11.042815,16
1,16,paced,0,warm-sha-diagnostic,3,2.5286319999995612,1268.1495579999992,807.4757378104142,3.619403999999122,4.177427999999054,6.603107999999338,10.181056999999782,6.4968989999997575,6.874673999998777,3.6765420000010636,2096,83840,1213408,327238,24852,404.795,36.59899999999999,-35318808,9060536,393216,184816,11.165695,16
1,16,paced,25,eval,3,2.676730999999563,1271.0208700000003,805.651601928456,10.873051000000487,29.896966000000248,30.321560000000318,30.601473000000624,6.639797000003455,6.925488000000769,4.242217000000892,1104,1761056,2565112,324886,13425,123.194,27.563,-902008,2372984,3932160,190320,11.067391,16
1,16,paced,25,warm-sha-diagnostic,3,2.587056999997003,1270.941551,805.7018823519446,10.472528000000239,29.896668999997928,30.115602999998373,30.304555000002438,6.193529000000126,6.654239999999845,3.692066999999952,1104,44160,850568,324886,13428,101.726,24.48400000000002,2367904,2830992,524288,193840,10.985471,16
5,1,burst,0,eval,3,11.020604999999705,2903.803114999999,88.16024704898084,11.29239299999972,11.671682000000146,12.030649000000267,2870.889036999999,12.095790999999736,22.573921999999584,11.377568999998402,515,1305040,1584298,81744,6172,215.388,47.166999999999994,916768,2846328,3670016,51448,11.345919,1
5,1,burst,0,warm-sha-diagnostic,3,10.95494299999882,2904.849710999999,88.1284835599538,11.275207999999111,11.678861000000325,11.903368000001137,2872.6300199999987,11.956876000000193,21.56742800000029,10.471612999999707,515,20600,300451,81744,6172,202.295,43.991,1279136,2821936,786432,13152,11.345919,1
5,1,burst,25,eval,3,10.974898000000394,62.66343799999959,4085.316863718867,13.246749999998428,24.76227100000324,24.80586399999811,51.033738000001904,0.19398500000170316,22.401468000000023,11.027406999997766,13,19962,134544,79335,628,11.48,2.0909999999999815,-416856,1022960,786432,84600,11.165695,1
5,1,burst,25,warm-sha-diagnostic,3,10.913604000001214,62.84626200000275,4073.4324023915497,13.472266000000673,24.51788099999976,24.53950199999963,51.35330400000021,0.24492199999804143,23.437982999999804,11.752349000002141,13,520,115193,79335,628,11.249,2.113999999999991,357424,646704,393216,198720,10.780671,1
5,1,paced,0,eval,3,11.080259999999726,1282.6458899999998,49.896858126602666,11.567911000000095,11.989205999999285,22.6630669999995,22.69104299999981,22.395720999999867,22.395720999999867,11.39480999999978,131,327760,397810,20404,1555,86.037,15.492000000000003,2676272,2648168,131072,-2712,11.444223,1
5,1,paced,0,warm-sha-diagnostic,3,11.015360000000328,1283.2107970000006,49.874892067324126,11.54451599999993,12.062481000000389,21.97026700000015,21.259759999999915,21.747173000000203,21.747173000000203,11.253700000000208,131,5240,75499,20404,1555,80.465,14.538999999999998,2115968,2102080,131072,10776,11.214847,1
5,1,paced,25,eval,3,10.86743799999931,1294.592444,49.43640780279419,22.61462599999959,37.15964399999939,37.731300000000374,39.265575000000354,22.70190999999977,22.70190999999977,11.381352999998853,69,110066,159588,20128,841,60.832,9.784999999999995,1769448,1756896,131072,30688,11.354111,1
5,1,paced,25,warm-sha-diagnostic,3,10.951665000000503,1291.3632450000005,49.560029099325945,21.6659810000001,37.35531899999842,37.81382200000007,39.85457000000042,22.271833000000697,22.271833000000697,11.36476599999969,69,2760,52429,20128,841,64.201,9.592999999999998,1606704,1594752,0,37896,11.321343,1
5,16,burst,0,eval,3,11.000674000002618,3049.338146000002,1343.2423050139478,12.117646999999124,13.169038,13.607380999994348,3005.4192820000026,13.209813999994367,22.27378200000385,12.800735000004352,8240,20880640,25429282,1319198,98773,652.596,185.28900000000004,-668328,6583624,9699328,837880,11.460607,16
5,16,burst,0,warm-sha-diagnostic,3,10.878285000006144,3070.789856000003,1333.85877643071,11.796029000004637,12.308356000001368,12.538508999998157,3032.1415849999976,12.895383999995829,22.413053000003856,12.142573999997694,8240,329600,4886240,1319190,98781,385.765,130.52,-3723704,5179952,1572864,842424,11.329535,16
5,16,burst,25,eval,3,10.875547999996343,109.81277599999885,37299.84933629255,29.118391000003612,38.811987000000954,40.19796100000531,100.00655700000061,1.803845000002184,35.47888300000341,15.68557200000214,208,319392,2169044,1280646,10078,87.617,17.722000000000044,1644152,5822040,3145728,845808,18.284543,16
5,16,burst,25,warm-sha-diagnostic,3,10.976439999998547,116.81276800000342,35064.660054968306,30.74623900000006,38.95132400000148,42.33752899999672,104.69007500000589,1.8618759999953909,33.8915479999996,16.09496599999693,208,8320,1859412,1280646,10078,101.306,16.419000000000047,8967072,9991888,6684672,851488,21.348351,16
5,16,paced,0,eval,3,10.968763000000763,1284.2199909999981,797.3711725221084,11.651534999997239,12.613593999998557,23.278317000000243,23.292969999998604,22.828326999999263,23.42073800000071,11.824694999999338,2096,5244160,6370384,327238,24865,141.727,47.91,896560,932624,3407872,224160,11.239423,16
5,16,paced,0,warm-sha-diagnostic,3,10.87411499999871,1283.0612789999977,798.0912656004186,11.76085299999977,12.40280299999722,23.58914900000309,23.78012999999919,23.145830999997997,23.196894999997312,11.006027999999787,2096,83840,1213408,327238,24865,129.515,36.570999999999955,1207240,2187392,6160384,226992,11.419647,16
5,16,paced,25,eval,3,10.904005000000325,1294.3863210000018,791.108483909881,22.619589999994787,38.05493800000113,38.857843999998295,40.2408809999979,22.506178999999975,22.767447999998694,11.432972000002337,1104,1761056,2565112,324886,13441,115.433,27.287000000000006,849664,5060032,655360,191752,11.526143,16
5,16,paced,25,warm-sha-diagnostic,3,10.97925000000032,1294.7467689999976,790.8882451128958,23.221816000004765,37.99838699999964,38.08310399999755,40.189892000002146,23.17907600000035,23.47993900000074,12.047126000004937,1104,44160,850568,324886,13441,95.571,24.04899999999999,-945656,3696336,786432,184320,11.296767,16
